<?xml version="1.0" encoding="UTF-8"?>
<STYLE type="spatial" version="7.0.0.0"><VIEW_SETTINGS><VIEW_CLSID>{F7C0C2FB-518F-4AF8-9ED1-78E13EA83826}</VIEW_CLSID><VIEW_2D_PROPERTY_EDITOR_ProgID>SP3DDwg2DPropsEditor.PropEditor</VIEW_2D_PROPERTY_EDITOR_ProgID><STYLE_EDITOR_PROGID>SP3DDwgVSEditor.VSOrtho</STYLE_EDITOR_PROGID><ASSOCIATE_OBJ_CMD_ProgID>SP3DDwg3DCmds.AssocViewToObj</ASSOCIATE_OBJ_CMD_ProgID></VIEW_SETTINGS><SP3D_VIEW_SETTINGS><VIEW_GEN_ProgID>SP3DDwgRuntimeViewGens.VGOrtho</VIEW_GEN_ProgID></SP3D_VIEW_SETTINGS><PROCESS_SPECIFIC><ACTION><CATEGORY>DoZOrderSort</CATEGORY><VALUE type="number">False</VALUE></ACTION><ACTION><CATEGORY>IntersectionEdgesOn</CATEGORY><VALUE type="number">0</VALUE></ACTION></PROCESS_SPECIFIC><TEST><IF><CONDITION><CATEGORY>Filter</CATEGORY><VALUE type="string">catalog\Catalog Filters\Default Filters\SP3D Object Filters\Object Types\Equipment and Furnishing\Equipment</VALUE></CONDITION><CONDITION><CATEGORY>Orientation</CATEGORY><VALUE type="string" order="1"></VALUE><VALUE type="string" order="2"></VALUE></CONDITION></IF><THEN><INCLUDE type="Graphic">GraphicRules\DGN_Lt Green_1.xml</INCLUDE></THEN></TEST><TEST><IF><CONDITION><CATEGORY>Filter</CATEGORY><VALUE type="string">catalog\Catalog Filters\Default Filters\SP3D Object Filters\Object Types\Piping\Piping Parts</VALUE></CONDITION><CONDITION><CATEGORY>Orientation</CATEGORY><VALUE type="string" order="1"></VALUE><VALUE type="string" order="2"></VALUE></CONDITION></IF><THEN><INCLUDE type="Graphic">GraphicRules\DGN_Lt Green_2.xml</INCLUDE></THEN></TEST><TEST><IF><CONDITION><CATEGORY>Filter</CATEGORY><VALUE type="string">catalog\Catalog Filters\Default Filters\SP3D Object Filters\Object Types\Piping\Piping Parts\Pipes</VALUE></CONDITION><CONDITION><CATEGORY>Orientation</CATEGORY><VALUE type="string" order="1"></VALUE><VALUE type="string" order="2"></VALUE></CONDITION></IF><THEN><INCLUDE type="Graphic">GraphicRules\DGN_Gray_2.xml</INCLUDE></THEN></TEST><TEST><IF><CONDITION><CATEGORY>Filter</CATEGORY><VALUE type="string">catalog\Catalog Filters\Default Filters\SP3D Object Filters\Object Types\Structure</VALUE></CONDITION><CONDITION><CATEGORY>Orientation</CATEGORY><VALUE type="string" order="1"></VALUE><VALUE type="string" order="2"></VALUE></CONDITION></IF><THEN><INCLUDE type="Graphic">GraphicRules\DGN_Orange_3.xml</INCLUDE></THEN></TEST><TEST><IF><CONDITION><CATEGORY>Filter</CATEGORY><VALUE type="string">catalog\Catalog Filters\Default Filters\SP3D Object Filters\Object Types\Grid Systems</VALUE></CONDITION><CONDITION><CATEGORY>Orientation</CATEGORY><VALUE type="string" order="1"></VALUE><VALUE type="string" order="2"></VALUE></CONDITION></IF><THEN><INCLUDE type="Graphic">GraphicRules\DGN_Lt Green_3.xml</INCLUDE></THEN></TEST><TEST><IF><CONDITION><CATEGORY>Filter</CATEGORY><VALUE type="string">catalog\Catalog Filters\Default Filters\SP3D Object Filters\Object Types\Structure\Members\Type Category\Beams</VALUE></CONDITION><CONDITION><CATEGORY>Orientation</CATEGORY><VALUE type="string" order="1"></VALUE><VALUE type="string" order="2"></VALUE></CONDITION></IF><THEN><INCLUDE type="Graphic">GraphicRules\DGN_Orange_3.xml</INCLUDE></THEN></TEST><TEST><IF><CONDITION><CATEGORY>Filter</CATEGORY><VALUE type="string">catalog\Catalog Filters\Default Filters\SP3D Object Filters\Object Types\Structure\Members\Type Category\Columns</VALUE></CONDITION><CONDITION><CATEGORY>Orientation</CATEGORY><VALUE type="string" order="1"></VALUE><VALUE type="string" order="2"></VALUE></CONDITION></IF><THEN><INCLUDE type="Graphic">GraphicRules\DGN_Dk Red_3.xml</INCLUDE></THEN></TEST><TEST><IF><CONDITION><CATEGORY>Filter</CATEGORY><VALUE type="string">catalog\Catalog Filters\Default Filters\SP3D Object Filters\Object Types\Structure\Members\Type Category\Braces</VALUE></CONDITION><CONDITION><CATEGORY>Orientation</CATEGORY><VALUE type="string" order="1"></VALUE><VALUE type="string" order="2"></VALUE></CONDITION></IF><THEN><INCLUDE type="Graphic">GraphicRules\DGN_Blue_3.xml</INCLUDE></THEN></TEST><TEST><IF><CONDITION><CATEGORY>Filter</CATEGORY><VALUE type="string">catalog\Catalog Filters\Default Filters\SP3D Object Filters\Object Types\Structure\Slabs</VALUE></CONDITION><CONDITION><CATEGORY>Orientation</CATEGORY><VALUE type="string" order="1"></VALUE><VALUE type="string" order="2"></VALUE></CONDITION></IF><THEN><INCLUDE type="Graphic">GraphicRules\DGN_Gray_3.xml</INCLUDE></THEN></TEST><TEST><IF><CONDITION><CATEGORY>Filter</CATEGORY><VALUE type="string">catalog\Catalog Filters\Default Filters\SP3D Object Filters\Object Types\Structure\Footings</VALUE></CONDITION><CONDITION><CATEGORY>Orientation</CATEGORY><VALUE type="string" order="1"></VALUE><VALUE type="string" order="2"></VALUE></CONDITION></IF><THEN><INCLUDE type="Graphic">GraphicRules\DGN_Gray_3.xml</INCLUDE></THEN></TEST><TEST><IF><CONDITION><CATEGORY>Filter</CATEGORY><VALUE type="string">catalog\Catalog Filters\Default Filters\SP3D Object Filters\Object Types\Structure\Walls</VALUE></CONDITION><CONDITION><CATEGORY>Orientation</CATEGORY><VALUE type="string" order="1"></VALUE><VALUE type="string" order="2"></VALUE></CONDITION></IF><THEN><INCLUDE type="Graphic">GraphicRules\DGN_Dk Cyan_3.xml</INCLUDE></THEN></TEST><TEST><IF><CONDITION><CATEGORY>Filter</CATEGORY><VALUE type="string">catalog\Catalog Filters\Default Filters\SP3D Object Filters\Object Types\Structure\Custom Plates</VALUE></CONDITION><CONDITION><CATEGORY>Orientation</CATEGORY><VALUE type="string" order="1"></VALUE><VALUE type="string" order="2"></VALUE></CONDITION></IF><THEN><INCLUDE type="Graphic">GraphicRules\DGN_Magenta_3.xml</INCLUDE></THEN></TEST><TEST><IF><CONDITION><CATEGORY>Filter</CATEGORY><VALUE type="string">catalog\Catalog Filters\Default Filters\SP3D Object Filters\Object Types\Cableway\Cableway Parts</VALUE></CONDITION><CONDITION><CATEGORY>Orientation</CATEGORY><VALUE type="string" order="1"></VALUE><VALUE type="string" order="2"></VALUE></CONDITION></IF><THEN><INCLUDE type="Graphic">GraphicRules\DGN_Cyan_4.xml</INCLUDE></THEN></TEST><TEST><IF><CONDITION><CATEGORY>Filter</CATEGORY><VALUE type="string">catalog\Catalog Filters\Default Filters\SP3D Object Filters\Object Types\Conduit</VALUE></CONDITION><CONDITION><CATEGORY>Orientation</CATEGORY><VALUE type="string" order="1"></VALUE><VALUE type="string" order="2"></VALUE></CONDITION></IF><THEN><INCLUDE type="Graphic">GraphicRules\DGN_Cyan_4.xml</INCLUDE></THEN></TEST><TEST><IF><CONDITION><CATEGORY>Filter</CATEGORY><VALUE type="string">catalog\Catalog Filters\Default Filters\SP3D Object Filters\Object Types\Cableway\Cableway Features</VALUE></CONDITION><CONDITION><CATEGORY>Orientation</CATEGORY><VALUE type="string" order="1"></VALUE><VALUE type="string" order="2"></VALUE></CONDITION></IF><THEN><INCLUDE type="Graphic">GraphicRules\DGN_Yellow_4.xml</INCLUDE></THEN></TEST><TEST><IF><CONDITION><CATEGORY>Filter</CATEGORY><VALUE type="string">catalog\Catalog Filters\Default Filters\SP3D Object Filters\Object Types\HVAC</VALUE></CONDITION><CONDITION><CATEGORY>Orientation</CATEGORY><VALUE type="string" order="1"></VALUE><VALUE type="string" order="2"></VALUE></CONDITION></IF><THEN><INCLUDE type="Graphic">GraphicRules\DGN_Green_5.xml</INCLUDE></THEN></TEST><TEST><IF><CONDITION><CATEGORY>Filter</CATEGORY><VALUE type="string">catalog\Catalog Filters\Default Filters\SP3D Object Filters\Object Types\Supports</VALUE></CONDITION><CONDITION><CATEGORY>Orientation</CATEGORY><VALUE type="string" order="1"></VALUE><VALUE type="string" order="2"></VALUE></CONDITION></IF><THEN><INCLUDE type="Graphic">GraphicRules\DGN_Magenta_6.xml</INCLUDE></THEN></TEST></STYLE>
