<?xml version="1.0" encoding="UTF-8"?>
<RULE type="VHL"><ASPECT name="Simple physical" value="0" enabled="-1"><ACTION><CATEGORY>ClipSingleObject</CATEGORY><VALUE type="number">True</VALUE></ACTION><ACTION><CATEGORY>ClipContourFillStyle</CATEGORY><VALUE type="string"></VALUE></ACTION><ACTION><CATEGORY>MakeTransparent</CATEGORY><VALUE type="number">0</VALUE></ACTION><ACTION><CATEGORY>ClipMerge</CATEGORY><VALUE type="number">False</VALUE></ACTION><ACTION><CATEGORY>RepresentationSelector</CATEGORY><VALUE type="number">1</VALUE></ACTION><ACTION><CATEGORY>VHL_Aspects</CATEGORY><VALUE type="number">1</VALUE></ACTION><ACTION><CATEGORY>VHL_VisibleLineStyle</CATEGORY><VALUE type="string">Normal Blue</VALUE></ACTION><ACTION><CATEGORY>VHL_HiddenLineStyle</CATEGORY><VALUE type="string"></VALUE></ACTION><ACTION><CATEGORY>VHL_OccludedLineStyle</CATEGORY><VALUE type="string"></VALUE></ACTION><ACTION><CATEGORY>VHL_VisibleFillStyle</CATEGORY><VALUE type="string"></VALUE></ACTION><ACTION><CATEGORY>VHL_HiddenByItselfLineStyle</CATEGORY><VALUE type="string"></VALUE></ACTION><ACTION><CATEGORY>VHL_VisibleLineLayer</CATEGORY><VALUE type="string">3</VALUE></ACTION><ACTION><CATEGORY>Wrap</CATEGORY><VALUE type="string"></VALUE></ACTION></ASPECT></RULE>
